[
  {
    "rank": 1,
    "tier": "\u2705 Strong Fit",
    "algo_score": 70,
    "ai_score": 68,
    "final_score": 69,
    "one_line_summary": "Experienced founder with strong enterprise sales, but lacks direct finance/fintech experience.",
    "pros": [
      "3x exited founder, demonstrating strong entrepreneurial drive and startup experience",
      "Proven track record of driving enterprise growth and securing large ACV deals ($50k-$500k+)",
      "Excels at leading full-cycle GTM strategies and bridging relationship-driven markets with modern sales motions",
      "Extensive sales experience (11 years) and enterprise selling background"
    ],
    "cons": [
      "No explicit mention of selling to finance/accounting stakeholders (CFOs, Controllers)",
      "Industry experience (AgTech, Equestrian) is not directly aligned with SaaS, fintech, or recruiting tech",
      "Multiple short tenures in founder roles and other positions could be a red flag for commitment/stability",
      "Lack of specific SaaS AE closing experience mentioned"
    ],
    "reasoning": "Zachary brings significant founder and enterprise sales experience, which aligns well with the 'Founding AE' title and startup environment. However, the critical requirement of selling to finance/accounting leaders in SaaS/fintech is not explicitly met, and his industry background is a mismatch. The short tenures are a concern for a founding role.",
    "interview_questions": [
      "Your background includes significant experience in AgTech and Equestrian industries. Can you walk me through how you see your sales approach and understanding of those markets translating effectively to selling complex SaaS solutions, especially to finance and accounting stakeholders like CFOs or Controllers?",
      "You've had a few founder roles and other positions with shorter tenures. Can you elaborate on the circumstances surrounding these transitions and what you're looking for in your next role to ensure a long-term, impactful contribution?",
      "You mentioned achieving significant revenue growth and market penetration in previous roles. Could you provide a specific example of a challenging sales cycle where you had to overcome objections from a finance or accounting decision-maker, detailing your strategy and the quantifiable outcome?",
      "Our company thrives on a fast-paced, adaptable startup culture where team members often wear multiple hats. Based on your experience, how do you typically contribute beyond your direct sales responsibilities in a startup environment, and what aspects of this culture most appeal to you?",
      "While you've demonstrated strong sales acumen, we're looking for an AE with direct closing experience in a SaaS environment. Can you describe a time you were solely responsible for closing a complex SaaS deal from discovery to contract, and what specific strategies you employed to get it over the finish line?"
    ],
    "id": "0",
    "name": "Zachary Leyden",
    "job_title": "Mid-Market & Enterprise Account Executive",
    "location_city": "San Francisco",
    "location_state": "CA",
    "years_sales_experience": 11.0,
    "bio_summary": "I am a 3x exited founder with a proven track record of driving enterprise growth in legacy industries, specializing in bridging the gap between relationship-driven markets and modern, scalable sales motions. I excel at leading full-cycle GTM strategies, from market entry to securing multi-year enterprise contracts, and have successfully landed $50k\u2013$500k+ ACV deals in the equestrian and agricultural sectors.",
    "industries": "AgTech|Equestrian|B2B Software|ERP|Non-profit",
    "skills": "Corporate Partnership Development|Corporate Partnerships|Account Management|Information Technology Infrastructure|Search Engine Optimization (SEO)|Digital Strategy|Enterprise Resource Planning (ERP)|Enterprise Technology Sales|Enterprise Software Sales|Mid-Market|Enterprise Account Management|Product Engineering|Go-to-Market Strategy|CRM Software|End-to-End Sales",
    "sold_to_finance": false,
    "is_founder": true,
    "startup_experience": true,
    "enterprise_experience": true,
    "missing_required": [],
    "missing_preferred": [
      "Quota %"
    ],
    "data_completeness": 93
  },
  {
    "rank": 2,
    "tier": "\u2705 Strong Fit",
    "algo_score": 60,
    "ai_score": 78,
    "final_score": 69,
    "one_line_summary": "Strong fintech AE with relevant experience, but some gaps.",
    "pros": [
      "Strong background in financial technology sales",
      "Experience selling to C-suite (finance leaders)",
      "Demonstrated sales closing experience",
      "Startup experience (implied by 'AI/ML' and 'Fintech' industries)"
    ],
    "cons": [
      "Only 1 year of direct AE closing experience (SBG Funding)",
      "No explicit mention of mid-market or enterprise deal sizes",
      "Short tenure at SBG Funding (6 months)",
      "Lack of detail on quota attainment or deal size"
    ],
    "reasoning": "Armando has a strong background in fintech sales and experience selling to C-suite, which aligns well with the role's requirements. However, his direct AE closing experience is limited to one year, and the short tenure at his current role is a concern. More detail on deal size and quota attainment would strengthen his profile.",
    "interview_questions": [
      "Your resume indicates 1 year of direct AE closing experience, with 6 months at SBG Funding. Can you elaborate on your responsibilities and achievements during your time at SBG Funding, specifically regarding deal size and quota attainment? What led to your relatively short tenure there?",
      "While your experience shows strong sales acumen, there's no explicit mention of mid-market or enterprise deal sizes. Can you walk me through your largest and most complex deals, describing the sales cycle, stakeholders involved, and how you navigated those challenges?",
      "Our startup environment thrives on adaptability, initiative, and a 'wear many hats' mentality. Can you share an example of a time you had to quickly pivot your sales strategy, take on a responsibility outside your core role, or contribute to building a new process in a fast-paced setting?"
    ],
    "id": "5",
    "name": "Armando F.",
    "job_title": "Account Executive",
    "location_city": "New York",
    "location_state": "NY",
    "years_sales_experience": 6.0,
    "bio_summary": "I am an Account Executive with a strong background in financial technology sales, consistently driving revenue and managing client relationships. I have experience in both business development and direct sales, focusing on delivering innovative financial solutions.",
    "industries": "Fintech|AI/ML|Financial Services",
    "skills": "Microsoft Office|Social Media|Teamwork|Leadership|Microsoft Word|Research|Writing|Business Strategy|Sales|C-Suite Selling|C Level Selling",
    "sold_to_finance": true,
    "is_founder": false,
    "startup_experience": true,
    "enterprise_experience": false,
    "missing_required": [],
    "missing_preferred": [
      "Deal Size/ACV",
      "Quota %"
    ],
    "data_completeness": 86
  },
  {
    "rank": 3,
    "tier": "\u2705 Strong Fit",
    "algo_score": 70,
    "ai_score": 65,
    "final_score": 68,
    "one_line_summary": "Experienced AE with enterprise sales, but lacking direct finance/fintech background.",
    "pros": [
      "30 years of sales experience, indicating strong foundational sales skills",
      "Experience in SaaS and enterprise environments",
      "Demonstrated success in exceeding targets and driving revenue growth"
    ],
    "cons": [
      "No explicit mention of selling to finance/accounting stakeholders (CFOs, Controllers)",
      "Short tenures at recent AE roles (IrisCX - 5 months, LumiQ - 10 months)",
      "Lack of specific fintech or finance background in listed industries"
    ],
    "reasoning": "While Parampreet brings extensive sales experience and has worked in SaaS and enterprise settings, there's a critical gap in direct experience selling to finance/accounting leaders. The short tenures in recent AE roles also raise concerns about stability and long-term commitment, which is crucial for a founding role.",
    "interview_questions": [
      "Your recent roles at IrisCX and LumiQ were relatively short. Can you walk me through the circumstances surrounding these tenures and what you learned from each experience that you'll apply to your next role?",
      "Our solution often requires engaging with CFOs, Controllers, and other finance and accounting leaders. Can you describe your experience selling to or collaborating with these specific personas in your previous roles? If your experience is limited, how would you approach building rapport and understanding their unique challenges?",
      "You've achieved impressive sales results, including exceeding targets and closing significant deals. Can you provide a specific example of a complex deal you closed, detailing the sales cycle, the key stakeholders involved, and how you navigated any challenges or objections, particularly if it involved a financial buyer?",
      "Given your background across various industries, what specifically attracts you to a fast-paced, high-growth startup environment like ours, especially considering the potential for rapid change and evolving priorities?",
      "How do you stay current with industry trends and challenges faced by finance and accounting professionals, and how do you leverage that knowledge in your sales approach?"
    ],
    "id": "4",
    "name": "Parampreet Atwal",
    "job_title": "Account Executive",
    "location_city": "Calgary",
    "location_state": "Alberta",
    "years_sales_experience": 30.0,
    "bio_summary": "I have a proven track record of success in sales, consistently exceeding targets and driving revenue growth. I am passionate about transforming experiences through innovative technology solutions.",
    "industries": "LegalTech|SaaS|Customer Service|EdTech|Digital Media",
    "skills": "Microsoft Office|Customer Service|Microsoft Excel|Management|Leadership|Project Management|Microsoft Word|PowerPoint|Strategic Planning|Research",
    "sold_to_finance": true,
    "is_founder": false,
    "startup_experience": true,
    "enterprise_experience": true,
    "missing_required": [],
    "missing_preferred": [
      "Deal Size/ACV",
      "Quota %"
    ],
    "data_completeness": 86
  },
  {
    "rank": 4,
    "tier": "\u2705 Strong Fit",
    "algo_score": 65,
    "ai_score": 70,
    "final_score": 68,
    "one_line_summary": "Experienced AE with finance background, but tenure concerns.",
    "pros": [
      "6 years of sales experience, including Fintech and SaaS",
      "Experience in financial institutions suggests selling to finance stakeholders",
      "Demonstrates drive and ambition through consistent achievement of sales goals"
    ],
    "cons": [
      "Average tenure is short, indicating potential job hopping",
      "Specific closing experience (1+ years required) is not explicitly stated, only general sales experience",
      "No explicit mention of mid-market or enterprise deal sizes"
    ],
    "reasoning": "Darrell has a strong background in Fintech and SaaS, with experience in financial institutions which aligns well with selling to finance leaders. However, the short average tenure is a red flag for a founding role, and the lack of explicit closing experience or deal size details creates some uncertainty.",
    "interview_questions": [
      "Your resume indicates several roles with relatively short tenures. Can you walk me through your decision-making process for moving between these positions and what you were looking for in each new opportunity?",
      "While your sales experience is clear, the role requires specific experience closing deals in the $50k-$250k range. Can you provide concrete examples of deals you personally closed within or near this range, detailing your exact role in bringing them to completion?",
      "Our startup environment is fast-paced and requires a high degree of adaptability and resourcefulness, often with limited established processes. Can you describe a time you thrived in a similar unstructured or rapidly changing environment, and what specific actions you took to be successful?",
      "You've achieved impressive sales results. Can you describe a specific instance where you exceeded quota significantly, and what unique strategies or approaches you employed to achieve that success?",
      "Working in a startup often means wearing multiple hats and contributing beyond your core responsibilities. Can you share an example of a time you took initiative to solve a problem or contribute to a project that wasn't strictly within your job description?"
    ],
    "id": "17",
    "name": "Darrell Sung",
    "job_title": "Senior Account Executive",
    "location_city": "Dallas",
    "location_state": "TX",
    "years_sales_experience": 6.0,
    "bio_summary": "I am a driven individual with a proven track record in strategic partnerships, consistently achieving sales goals. I have experience in financial institutions, leading sales efforts and managing accounts.",
    "industries": "Fintech|SaaS|Data Analytics|Financial Services|Technology",
    "skills": "Public Speaking|Organizational & Writing Skills|Social Media Marketing|Team Leadership|Group Work|Deadline Oriented|Creative Strategy|Microsoft Excel|Microsoft Word|Marketing|Sales|Customer Service|PowerPoint|Teamwork|Microsoft Office",
    "sold_to_finance": true,
    "is_founder": false,
    "startup_experience": true,
    "enterprise_experience": true,
    "missing_required": [],
    "missing_preferred": [
      "Deal Size/ACV",
      "Quota %"
    ],
    "data_completeness": 86
  },
  {
    "rank": 5,
    "tier": "\u2705 Strong Fit",
    "algo_score": 65,
    "ai_score": 68,
    "final_score": 66,
    "one_line_summary": "Experienced AE with strong sales skills, but lacks direct founding AE experience.",
    "pros": [
      "4 years of sales experience, exceeding the 1+ year requirement",
      "Proven track record of exceeding sales quotas (166%)",
      "Strong communication and relationship-building skills, including trilingual proficiency",
      "Experience selling to finance/CFOs (extracted signal)",
      "Experience in SaaS and Fintech industries"
    ],
    "cons": [
      "Current title is SMB, not mid-market/enterprise focused as required",
      "No explicit mention of 'closing' experience in the bio, though implied by quota attainment",
      "No explicit startup experience mentioned, which is preferred",
      "No explicit mention of 'scrappiness/hustle' for a founding role",
      "Red flag: Gap in employment between 2018 and 2020"
    ],
    "reasoning": "Yara has strong sales experience and a proven track record of exceeding quotas, including selling to finance stakeholders. However, her current role is SMB, and the job specifically targets mid-market/enterprise closing experience for a founding AE role. The employment gap and lack of explicit startup/founding experience are also concerns.",
    "interview_questions": [
      "Your current role focuses on the SMB market. Can you walk me through a time you successfully navigated a complex sales cycle with a larger, mid-market or enterprise-level client, perhaps in a previous role or as an exception in your current one? What were the key differences in approach and challenges you faced?",
      "Your bio highlights consistent quota attainment, which is excellent. Can you describe your most significant closing achievement? What was the deal size, what made it challenging, and what specific strategies did you employ to get it across the finish line?",
      "We're a fast-paced startup environment where things can change quickly and resources might be limited. Can you share an example of a time you had to be particularly 'scrappy' or demonstrate significant hustle to achieve a goal, perhaps with limited resources or an ambiguous mandate?",
      "We noticed a gap in your employment between 2018 and 2020. Could you please tell us more about what you were doing during that period and what led to your return to the workforce in 2020?",
      "While your experience is primarily with established companies, we value a proactive, adaptable mindset crucial for a startup. Can you describe a situation where you had to quickly learn a new product, market, or sales methodology without extensive training or established processes, and how you ensured your success?"
    ],
    "id": "9",
    "name": "Yara Lacerda",
    "job_title": "Account Executive SMB",
    "location_city": "Miami",
    "location_state": "FL",
    "years_sales_experience": 4.0,
    "bio_summary": "I have consistently exceeded sales quotas by delivering tailored solutions across the LATAM market, managing a diverse portfolio of 135 accounts and amplifying deal sizes significantly. I am recognized for outstanding sales presentations and strategic outreach, anchored in deep technical acumen and trilingual proficiency, enabling effective communication and coaching within multicultural teams.",
    "industries": "SaaS|Fintech|E-commerce|E-learning|Healthcare|Cloud Computing|Entertainment|Technology|Wellness",
    "skills": "Sales Presentations|Complex Sales|Financial Operations|Sales Target Management|Business Development|Sales Strategy|Relationship Building|Lead Generation|Client Relations|Account Executive|Technical Sales|Problem Solving|New Business Opportunities|Strategic Relationships|Sales Operations",
    "sold_to_finance": true,
    "is_founder": false,
    "startup_experience": false,
    "enterprise_experience": true,
    "missing_required": [],
    "missing_preferred": [],
    "data_completeness": 100
  },
  {
    "rank": 6,
    "tier": "\u26a0\ufe0f Consider",
    "algo_score": 60,
    "ai_score": 68,
    "final_score": 64,
    "one_line_summary": "Experienced GTM professional with startup experience, but lacks direct finance sales.",
    "pros": [
      "6+ years of sales experience, including early-stage companies",
      "Proven track record of building sales processes from scratch",
      "Experience launching products in new markets",
      "Strong GTM strategy and outbound sales skills",
      "Startup experience and demonstrated scrappiness/hustle"
    ],
    "cons": [
      "No explicit mention of selling to finance/accounting stakeholders (CFOs, Controllers)",
      "Current title is 'Sales Consultant', not 'Account Executive' (closing role)",
      "Short tenure at previous roles (Semantic Health and Parallel) could be a red flag",
      "No specific mention of SaaS closing experience, though industries include AI/ML and Software Development"
    ],
    "reasoning": "Muhammad brings strong GTM and startup experience, which is valuable for a founding AE role. However, the critical requirement of selling directly to finance/accounting leaders is not explicitly met, and his current title isn't a direct AE closing role. While coachable, these gaps prevent a higher score for this specific role.",
    "interview_questions": [
      "Your background shows experience in AI/ML and software development industries. Can you walk me through a specific instance where you successfully sold a complex software solution directly to a CFO or Head of Finance, and what unique challenges you encountered in that sales cycle?",
      "Your current title is 'Sales Consultant,' and some previous roles have had shorter tenures. Can you elaborate on your experience with full-cycle sales, specifically closing deals, and what motivated your transitions between Semantic Health and Parallel?",
      "Startup environments often require individuals to wear multiple hats and adapt quickly. Can you share an example of a time you had to pivot your sales strategy or take on responsibilities outside your core role to achieve a critical business objective in a fast-paced startup setting?"
    ],
    "id": "14",
    "name": "Muhammad Qasim Shamim Ali Khan",
    "job_title": "Sales Consultant",
    "location_city": "Toronto",
    "location_state": "ON",
    "years_sales_experience": 6.0,
    "bio_summary": "I am a GTM professional with over 8 years of experience in growing revenue for early-stage companies. I have a proven track record of building sales processes from scratch, successfully launching products in new markets, and leading teams to acquire and retain customers.",
    "industries": "Software Development|AI/ML|Healthcare|Recruitment|IT Services",
    "skills": "Go-to-Market Strategy|Architecture|Building Information Modeling (BIM)|Interior Design|3D Modeling|Stakeholder Management|Outbound Sales|Data Analysis|Negotiation|IT Strategy|Project Management|Microsoft Office|SPSS|STATA|Statistics",
    "sold_to_finance": false,
    "is_founder": false,
    "startup_experience": true,
    "enterprise_experience": true,
    "missing_required": [],
    "missing_preferred": [
      "Quota %"
    ],
    "data_completeness": 93
  },
  {
    "rank": 7,
    "tier": "\u26a0\ufe0f Consider",
    "algo_score": 55,
    "ai_score": 68,
    "final_score": 62,
    "one_line_summary": "Founder with relevant industry experience, but lacks direct AE closing experience.",
    "pros": [
      "Co-Founder experience demonstrates strong entrepreneurial drive and startup acumen",
      "Experience in Fintech, SaaS, AI/ML, Investment Management, and Data Analytics aligns well with company's domain",
      "Familiarity with financial tools (invoicing/accounting) indicates understanding of target market needs",
      "Leadership and teamwork skills are valuable in a founding role"
    ],
    "cons": [
      "No direct closing experience as an Account Executive, which is a core requirement",
      "No explicit mention of selling to finance/accounting stakeholders (CFOs, Controllers)",
      "Lack of stated quota attainment or deal size metrics makes it hard to assess sales performance",
      "Bio doesn't detail full sales cycle ownership or specific revenue generation"
    ],
    "reasoning": "David-Michael's co-founder experience and industry background are strong assets for a founding role. However, the absence of explicit AE closing experience and a proven track record of selling to finance leaders are significant gaps for a Founding Account Executive position, making him a 'potential' candidate.",
    "interview_questions": [
      "Your background shows strong experience in sales development and partnership management. Can you walk me through a specific instance where you were responsible for the entire sales cycle, from prospecting to closing, and what your specific role was in securing the final deal? What was the outcome?",
      "While your bio highlights significant revenue generation, it doesn't detail specific quota attainment or average deal sizes. Could you provide some metrics around your sales performance in previous roles, perhaps discussing your quota attainment percentage or the typical value of the deals you influenced or closed?",
      "Our solution often requires engaging with finance and accounting stakeholders, such as CFOs and Controllers. Can you describe your experience, if any, in selling to or collaborating with these types of executives? How do you tailor your approach when discussing financial implications with them?",
      "Working in a startup environment often means navigating ambiguity, wearing multiple hats, and adapting quickly to change. Can you share an example of a time you thrived in such a dynamic setting, perhaps where processes weren't fully defined or you had to take on responsibilities outside your core role?",
      "Given that direct closing experience as an Account Executive is a core requirement for this role, how do you envision leveraging your existing skills and experience to successfully transition into and excel at closing deals independently within our sales cycle?"
    ],
    "id": "13",
    "name": "David-Michael Ajudua",
    "job_title": "",
    "location_city": "New York",
    "location_state": "NY",
    "years_sales_experience": 3.0,
    "bio_summary": "I am a Co-Founder of Aiazing, where I have helped grow the user base to several thousand for our low-cost invoicing and accounting tool. I have experience in investment management software and data analytics software, demonstrating my ability to contribute to technology-driven financial solutions.",
    "industries": "Fintech|SaaS|AI/ML|Investment Management|Data Analytics",
    "skills": "LinkedIn Sales Navigator|Salesforce Sales Cloud |Microsoft PowerPoint|Microsoft Office|Leadership|Time Management|Microsoft Word|Social Media|Teamwork",
    "sold_to_finance": false,
    "is_founder": true,
    "startup_experience": true,
    "enterprise_experience": true,
    "missing_required": [
      "Job Title"
    ],
    "missing_preferred": [
      "Deal Size/ACV",
      "Quota %"
    ],
    "data_completeness": 71
  },
  {
    "rank": 8,
    "tier": "\u26a0\ufe0f Consider",
    "algo_score": 50,
    "ai_score": 70,
    "final_score": 60,
    "one_line_summary": "Ambitious AE with strong startup sales experience, but lacks finance-specific selling.",
    "pros": [
      "3 years of closing experience as an AE, exceeding the 1+ year requirement",
      "Strong startup experience and demonstrated ability to build outbound motions",
      "Experience securing enterprise-level deals, indicating comfort with larger clients",
      "High ambition and hunger to succeed, aligning with startup environment"
    ],
    "cons": [
      "No explicit mention of selling to finance/accounting stakeholders (CFOs, Controllers)",
      "Industries listed (AI/ML, SaaS, Non-profit) do not include FinTech or direct finance",
      "Lack of background in finance, accounting, or fintech sales"
    ],
    "reasoning": "Joey has solid AE experience, particularly in a startup context with enterprise deals, which is a strong plus. However, the critical requirement of selling to finance and accounting leaders is not explicitly met, and their industry experience doesn't directly align with FinTech or finance, which are key for this role. This makes them a 'Potential' candidate, warranting an interview to explore transferable skills and willingness to learn the specific ICP.",
    "interview_questions": [
      "Your experience spans AI/ML, SaaS, and Non-profit sectors. Can you describe a time you had to quickly learn and sell into a new, highly regulated, or technically complex industry, specifically detailing how you'd approach understanding and selling to a CFO or Head of Finance?",
      "You've highlighted achieving significant quota attainment. Could you walk me through a specific instance where you exceeded your quota by a substantial margin, detailing the strategies you employed, the challenges you overcame, and how you measured that success?",
      "Our company operates with a lean team and a fast-paced, often ambiguous environment. Can you share an example of a time you thrived in a similar startup setting, perhaps where you had to wear multiple hats or pivot quickly due to changing priorities?",
      "Given your background, what steps would you take in your first 90 days to bridge any knowledge gaps related to financial concepts, accounting practices, or the specific regulatory landscape within the FinTech industry, to effectively engage with senior finance stakeholders?",
      "Tell me about a time you had to build a sales process or strategy from the ground up in a new market or for a new product. How did you identify key stakeholders, gather market intelligence, and ultimately drive initial traction?"
    ],
    "id": "3",
    "name": "Joey Sanford",
    "job_title": "Full Cycle Account Executive (Hunter)",
    "location_city": "New York",
    "location_state": "NY",
    "years_sales_experience": 3.0,
    "bio_summary": "I have built outbound motions from the ground up, achieving over 50% meeting booked rates and consistently exceeding revenue targets. I am focused on driving growth at B2B startups, leveraging advanced objection handling to secure enterprise-level deals and expand market presence.",
    "industries": "AI/ML|SaaS|Non-profit",
    "skills": "Sales|Analytical Skills|Teamwork|Logistics Management|Organization Skills|Public Speaking|Data Analysis|Research Skills|Public Relations|Problem Solving|Communication|Political Science|Interpersonal Skills|Time Management|Writing",
    "sold_to_finance": false,
    "is_founder": false,
    "startup_experience": true,
    "enterprise_experience": true,
    "missing_required": [],
    "missing_preferred": [
      "Deal Size/ACV",
      "Quota %"
    ],
    "data_completeness": 86
  },
  {
    "rank": 9,
    "tier": "\u26a0\ufe0f Consider",
    "algo_score": 50,
    "ai_score": 68,
    "final_score": 59,
    "one_line_summary": "Strong sales performer with SaaS experience, but lacks direct finance/CFO sales.",
    "pros": [
      "Strong quota attainment (112.1% and 108.3%)",
      "Multiple Winners Circle recognitions",
      "4 years of sales experience, including SaaS",
      "Demonstrated drive and ambition"
    ],
    "cons": [
      "No explicit experience selling to finance/accounting stakeholders (CFOs, Controllers)",
      "No mention of mid-market or enterprise client focus",
      "Lack of specific startup experience mentioned beyond 'aggressive growth targets'",
      "No finance/accounting background or degree"
    ],
    "reasoning": "Connor has a solid sales track record with impressive quota attainment in SaaS. However, the critical requirement of selling to finance/accounting leaders is not explicitly met, which is a significant gap for this role. While coachable, this lack of direct experience lowers his score.",
    "interview_questions": [
      "Your background shows strong sales performance. Can you walk me through a time you successfully navigated a sales cycle with a CFO or Controller as the primary decision-maker? If not, how would you adapt your current sales approach to effectively engage and close deals with senior finance and accounting stakeholders?",
      "You've consistently hit aggressive growth targets. Can you describe a specific instance where you exceeded a particularly challenging revenue or growth target at a previous company? What were the key strategies you employed, and what measurable impact did your efforts have on the business?",
      "Our startup environment is fast-paced, often ambiguous, and requires a high degree of adaptability and initiative. Can you share an example of a time you thrived in such an environment, perhaps where processes were still being built or resources were limited? How did you contribute to shaping that environment and achieving results?"
    ],
    "id": "11",
    "name": "Connor Comensoli",
    "job_title": "Account Executive",
    "location_city": "Saint Petersburg",
    "location_state": "FL",
    "years_sales_experience": 4.0,
    "bio_summary": "I have consistently achieved high quota attainment, including 112.1% across $1.1m+ CV territory and 108.3% across $843k+ CV territory, earning Winners Circle recognition multiple times. I am focused on driving aggressive growth targets for technology and service providers by building collaborative relationships and educating clients on strategic business decisions.",
    "industries": "SaaS|Technology",
    "skills": "Leadership|Communication|C++|Teamwork|Sales|Research|Supply Chain Operations|Visual Studio|Python (Programming Language)|HTML|Microsoft Office|Customer Service|Organization Skills",
    "sold_to_finance": false,
    "is_founder": false,
    "startup_experience": true,
    "enterprise_experience": true,
    "missing_required": [],
    "missing_preferred": [
      "Deal Size/ACV"
    ],
    "data_completeness": 93
  },
  {
    "rank": 10,
    "tier": "\u26a0\ufe0f Consider",
    "algo_score": 45,
    "ai_score": 70,
    "final_score": 58,
    "one_line_summary": "Experienced AE with high quota attainment, but lacks direct finance sales.",
    "pros": [
      "5 years of sales experience, exceeding the 1+ year requirement",
      "Exceptional quota attainment (233%) demonstrates strong closing ability",
      "Experience selling to AI companies and BPOs, indicating tech savviness",
      "Startup experience and comfort with fast-paced environments",
      "Enterprise sales experience"
    ],
    "cons": [
      "No explicit mention of selling to finance/accounting stakeholders (CFOs, Controllers)",
      "Short tenure at Airtm (6 months) is a red flag",
      "Lack of a finance degree or direct fintech sales background (preferred qualification)"
    ],
    "reasoning": "Luke brings strong sales experience and an impressive quota attainment, indicating a high-performing AE. However, the critical requirement of selling to finance/accounting leaders is not explicitly met, and a short tenure at a previous role raises concerns. He is coachable but has some key gaps.",
    "interview_questions": [
      "Your background shows strong experience in B2B sales. Can you describe a time you had to tailor your sales approach for a finance or accounting stakeholder, such as a CFO or Controller? What specific challenges did you face, and how did you overcome them?",
      "Your tenure at Airtm was relatively short. Could you elaborate on the reasons for your departure and what you learned from that experience that you'll bring to a new role, particularly in a fast-paced startup environment?",
      "Given your impressive track record, how do you typically validate the success of your sales strategies and achievements? Can you walk me through an example where you quantified your impact and how you measured it?",
      "Our company thrives on a highly collaborative and adaptable culture, often requiring individuals to wear multiple hats and pivot quickly. Can you share an experience from a previous role that demonstrates your ability to thrive in such an environment?",
      "While you don't have a direct finance degree or extensive fintech sales background, what steps have you taken or would you take to quickly get up to speed on complex financial concepts and the unique needs of our fintech clients?"
    ],
    "id": "2",
    "name": "Luke Anderson",
    "job_title": "Account Executive, Partnerships and Alliances - North America",
    "location_city": "San Francisco",
    "location_state": "CA",
    "years_sales_experience": 5.0,
    "bio_summary": "I have successfully sold blockchain payment solutions to AI companies and BPOs, managing the full sales cycle. I combine marketing insights with a relationship-driven sales approach to exceed goals.",
    "industries": "Fintech|AI/ML|ERP|E-commerce|Automotive",
    "skills": "Enterprise Resource Planning (ERP)|Technical Demonstrations|Consulting|SaaS Sales|Platform as a Service (PAAS)|Software Configuration Management|Customer Relationship Management (CRM)|Business Development|Lucidchart|Account Management|Business Strategy|Sales Prospecting|B2B Commerce|Sales Operations|International Sales",
    "sold_to_finance": false,
    "is_founder": false,
    "startup_experience": true,
    "enterprise_experience": true,
    "missing_required": [],
    "missing_preferred": [
      "Deal Size/ACV"
    ],
    "data_completeness": 93
  },
  {
    "rank": 11,
    "tier": "\u26a0\ufe0f Consider",
    "algo_score": 45,
    "ai_score": 68,
    "final_score": 56,
    "one_line_summary": "Experienced AE with startup background, but lacks direct finance sales.",
    "pros": [
      "4 years of sales experience, exceeding 2+ years preferred",
      "Experience across multiple SaaS industries, demonstrating adaptability",
      "Startup experience, indicating comfort with dynamic environments",
      "Enterprise experience mentioned in bio"
    ],
    "cons": [
      "No explicit mention of selling to finance/accounting stakeholders (CFOs, Controllers)",
      "Average tenure across roles is under 18 months, raising potential red flag",
      "Key skills listed are more general than sales-specific (e.g., 'Writing', 'Proofreading')",
      "No mention of quota attainment or deal size"
    ],
    "reasoning": "Sofia brings solid AE experience and a startup background, which are strong positives. However, the critical requirement of selling to finance/accounting leaders is not explicitly met, and the short tenure in previous roles is a concern. While she has potential, these gaps prevent a higher score.",
    "interview_questions": [
      "Your background shows experience with diverse stakeholders. Could you describe a time you successfully navigated a sales cycle involving a Chief Financial Officer or Controller, and what unique challenges or considerations arose?",
      "Looking at your career progression, your tenure in some roles appears to be under 18 months. Can you walk me through the circumstances that led to these transitions and what you were looking for in your next opportunity each time?",
      "While your resume highlights strong communication skills, I don't see specific metrics around sales performance like quota attainment or average deal size. Could you share some examples of your most significant sales achievements and quantify the impact you had in those roles?",
      "Our company operates in a fast-paced, often ambiguous startup environment where roles can evolve quickly. How do you adapt to rapid change and contribute effectively when priorities shift or new challenges emerge?",
      "Can you share an experience where you had to quickly learn a complex new product or industry to successfully close a deal? What was your process for gaining that expertise, and what was the outcome?"
    ],
    "id": "7",
    "name": "Sofia Drabkin",
    "job_title": "Account Executive",
    "location_city": "Encinitas",
    "location_state": "CA",
    "years_sales_experience": 4.0,
    "bio_summary": "I am an Account Executive with a focus on driving revenue and optimizing operations for businesses. I have a proven track record in sales, having progressed through various roles from Account Development Representative to Account Executive.",
    "industries": "SaaS|Restaurant Technology|IoT|Fleet Management|Investment Management|Healthcare|Medical Devices",
    "skills": "Writing|Proofreading|Organization Skills|Time Management|Microsoft Excel|Business Communications|Consumer and Management Relations|Medical Devices|Medical Sales",
    "sold_to_finance": false,
    "is_founder": false,
    "startup_experience": true,
    "enterprise_experience": true,
    "missing_required": [],
    "missing_preferred": [
      "Deal Size/ACV",
      "Quota %"
    ],
    "data_completeness": 86
  },
  {
    "rank": 12,
    "tier": "\u26a0\ufe0f Consider",
    "algo_score": 45,
    "ai_score": 68,
    "final_score": 56,
    "one_line_summary": "Experienced in finance sales, but lacks direct SaaS AE closing experience.",
    "pros": [
      "4 years of sales experience",
      "Experience selling to finance stakeholders (Financial Services, Fintech, Investment Banking, Private Equity, Hedge Funds)",
      "Strong deal closure and sales cycle management skills",
      "Passion for fintech and growth roles"
    ],
    "cons": [
      "No explicit mention of SaaS AE closing experience",
      "No explicit mention of mid-market or enterprise closing experience",
      "No explicit mention of startup experience or scrappiness",
      "Two employment gaps identified"
    ],
    "reasoning": "Hassan brings valuable experience selling to finance stakeholders, which is a key requirement. However, the profile lacks explicit mention of SaaS AE closing experience and specific mid-market/enterprise deal sizes, which are crucial for a Founding AE role. The employment gaps also raise some questions, but his overall sales acumen and interest in fintech make him a potential candidate worth exploring further.",
    "interview_questions": [
      "Your resume highlights strong sales performance. Can you walk me through a specific deal where you were solely responsible for the full sales cycle, from prospecting to closing, particularly in a SaaS environment? What was the average deal size and sales cycle length for these types of deals?",
      "I noticed a couple of employment gaps in your work history. Could you elaborate on what you were doing during those periods and what you learned or achieved during that time?",
      "Our company operates in a fast-paced, often resource-constrained startup environment. Can you share an example of a time you had to achieve a significant sales goal with limited resources or an unconventional approach?",
      "While your experience shows success in various sales roles, we're specifically looking for someone with a proven track record of closing complex deals in the mid-market or enterprise SaaS space. Can you describe your experience with these types of accounts and the strategies you employed to win them?",
      "In a startup, priorities can shift quickly. Can you describe a time when a sales strategy or product offering changed unexpectedly, and how you adapted your approach to continue meeting or exceeding your targets?"
    ],
    "id": "16",
    "name": "Hassan Beydoun",
    "job_title": "Sales",
    "location_city": "New York",
    "location_state": "NY",
    "years_sales_experience": 4.0,
    "bio_summary": "I am skilled in building and nurturing client relationships, identifying opportunities, and closing complex deals, consistently exceeding quarterly KPIs through disciplined outreach and personalized follow-up. I am passionate about helping organizations achieve their goals and am currently exploring Sales Executive roles at fintech companies where I can contribute to growth, expand client reach, and help teams win.",
    "industries": "Financial Services|Fintech|Investment Banking|Private Equity|Hedge Funds|Healthcare|Software|Industrials",
    "skills": "Deal Closure|Sales Cycle Management|Demos|Equity Research|Financial Advisory|Alternative Investments|Wealth Management Services|Trading|Equities|Asset Management|Cold Calling|Manage client expectations|Sales Prospecting|Lead Generation|Business-to-Business (B2B)",
    "sold_to_finance": true,
    "is_founder": false,
    "startup_experience": false,
    "enterprise_experience": false,
    "missing_required": [],
    "missing_preferred": [
      "Deal Size/ACV",
      "Quota %"
    ],
    "data_completeness": 86
  },
  {
    "rank": 13,
    "tier": "\u26a0\ufe0f Consider",
    "algo_score": 55,
    "ai_score": 55,
    "final_score": 55,
    "one_line_summary": "Experienced AE with strong quota attainment, but lacks relevant industry experience.",
    "pros": [
      "Strong quota attainment (200%)",
      "9 years of sales experience",
      "Demonstrated startup experience",
      "High max deal size ($120,000)"
    ],
    "cons": [
      "No experience selling to finance/accounting stakeholders (CFOs, Controllers)",
      "Industries (E-commerce, Advertising) are not relevant to FinTech/SaaS marketplace",
      "No explicit mention of SaaS closing experience",
      "No enterprise experience"
    ],
    "reasoning": "Alex has a strong sales background with impressive quota attainment and startup experience, which are positives. However, the critical lack of experience selling to finance/accounting leaders and in relevant industries (FinTech, SaaS) makes this candidate a weak fit for a Founding AE role focused on an AI SaaS marketplace for GTM teams, specifically targeting finance leaders.",
    "interview_questions": [
      "Your background is primarily in e-commerce and advertising. Can you walk me through how you would adapt your sales approach and messaging to effectively engage and sell to finance and accounting leaders like CFOs or Controllers for a FinTech SaaS product?",
      "You've achieved significant revenue growth in your previous roles. Can you describe a specific instance where you closed a complex SaaS deal, detailing the sales cycle, the key stakeholders involved, and how you navigated any challenges, particularly if it involved a larger enterprise client?",
      "Our company operates with a lean startup mentality, requiring a high degree of adaptability, initiative, and comfort with ambiguity. Can you share an example of a time you thrived in a fast-paced, resource-constrained environment, and what aspects of that experience you enjoyed most?"
    ],
    "id": "20",
    "name": "Alex Trujillo",
    "job_title": "Mid Market Account Executive ",
    "location_city": "Livermore",
    "location_state": "CA",
    "years_sales_experience": 9.0,
    "bio_summary": "I am a seasoned sales professional with a strong track record of exceeding quotas and driving significant revenue growth. I have consistently been a top performer, contributing to exponential team growth and closing substantial deals.",
    "industries": "E-commerce|Advertising",
    "skills": "MEDDIC Sales Methodology|Customer Service|Leadership|Project Management|Sales|Time Management|Research|Management|Social Media Marketing|Social Media|Marketing|Solar Energy|Microsoft Office|Salesforce.com|sales",
    "sold_to_finance": false,
    "is_founder": false,
    "startup_experience": true,
    "enterprise_experience": false,
    "missing_required": [],
    "missing_preferred": [],
    "data_completeness": 100
  },
  {
    "rank": 14,
    "tier": "\u26a0\ufe0f Consider",
    "algo_score": 35,
    "ai_score": 65,
    "final_score": 50,
    "one_line_summary": "Ambitious BDR with high quota attainment, ready for AE role.",
    "pros": [
      "High quota attainment (up to 321%) demonstrates strong sales drive",
      "Startup experience is a plus for a founding role",
      "Strong outbound sales skills and experience with sales tools (HubSpot, Zoominfo)",
      "Desire to accelerate career in a dynamic environment aligns with role"
    ],
    "cons": [
      "No direct closing experience as an Account Executive (BDR role)",
      "No explicit experience selling to finance/accounting stakeholders (CFOs, Controllers)",
      "Lack of stated experience with mid-market or enterprise clients",
      "Current title 'Founding Senior Business Development' is not an AE closing role"
    ],
    "reasoning": "David shows strong sales potential and startup hustle, evidenced by his quota attainment and BDR experience. However, he lacks the direct AE closing experience and specific finance stakeholder sales required for this Founding AE role, making him a 'potential' fit who would need significant coaching.",
    "interview_questions": [
      "Your current role is 'Founding Senior Business Development.' Can you walk me through a typical sales cycle in that role, specifically highlighting where your responsibilities end and where the closing responsibilities begin? How do you envision transitioning those BDR skills to directly closing complex deals as an Account Executive?",
      "You've mentioned achieving X% over quota in your previous roles. Can you describe a specific instance where you had to overcome a significant challenge or objection from a prospect to close a deal, and how you ultimately secured their commitment? What was the deal size and the typical stakeholder you engaged with?",
      "Our target market includes mid-market and enterprise clients, often engaging with finance and accounting leadership (CFOs, Controllers). While your experience is strong in business development, can you share any experiences where you've had to navigate complex organizational structures or articulate value propositions specifically to financial decision-makers? If not, how would you approach learning and excelling in that specific sales environment?",
      "Given your background in a 'Founding Senior Business Development' role, you've likely experienced the unique dynamics of a startup. Can you describe a time when you had to adapt quickly to a significant change in product, strategy, or team structure? How did you contribute to maintaining momentum and a positive outlook during that period?",
      "What excites you most about joining a fast-paced, high-growth startup environment like ours, especially considering the direct closing responsibilities of an Account Executive role? What aspects of our company culture or mission resonate with you personally?"
    ],
    "id": "8",
    "name": "David Catalano",
    "job_title": "Founding Senior Business Development",
    "location_city": "Rockville",
    "location_state": "MD",
    "years_sales_experience": 4.0,
    "bio_summary": "I have consistently exceeded my sales quotas, achieving up to 321% of target in my roles. My career focus is on leveraging organizational networks to drive scalable business growth and unlock hidden pipeline opportunities.",
    "industries": "SaaS|Retail Technology|Sales Intelligence",
    "skills": "Cold Calling|Copywriting|Email Marketing|HubSpot|Zoominfo|Teaching|Interpersonal Skills|Spanish to English|English to Spanish|Outbound Sales|Spanish Translation|Interpreting|Spanish|Arabic|Active Listening",
    "sold_to_finance": false,
    "is_founder": false,
    "startup_experience": true,
    "enterprise_experience": false,
    "missing_required": [],
    "missing_preferred": [
      "Deal Size/ACV"
    ],
    "data_completeness": 93
  },
  {
    "rank": 15,
    "tier": "\u274c Not a Fit",
    "algo_score": 50,
    "ai_score": 45,
    "final_score": 48,
    "one_line_summary": "Founder with AI/ML background, but lacks direct sales closing experience.",
    "pros": [
      "Strong founder and startup experience",
      "Deep AI/ML and engineering background relevant to product",
      "Demonstrated innovation and product development skills"
    ],
    "cons": [
      "No explicit closing experience as an Account Executive mentioned",
      "No proven track record of selling to finance/accounting stakeholders",
      "Lack of direct sales experience is a significant gap for an AE role"
    ],
    "reasoning": "Tony brings strong founder experience and a relevant technical background, which is valuable for an early-stage AI company. However, the core requirement for this Founding AE role is 1+ years of closing experience and a proven track record of selling to finance/accounting leaders, which is not evident in his profile. This makes him a risky hire for a quota-carrying sales role.",
    "interview_questions": [
      "Your resume highlights strong relationship management and lead generation. Can you walk me through a specific instance where you successfully navigated a complex sales cycle from initial contact all the way to securing a closed deal, particularly in a B2B environment? What was your exact role in closing that business?",
      "While your experience demonstrates strong client engagement, we're looking for an Account Executive with a proven track record of selling directly to finance or accounting departments. Can you describe any projects or initiatives where you had to understand and address the specific financial needs or concerns of a client, even if it wasn't a direct sales role?",
      "Our startup environment thrives on individuals who are proactive, adaptable, and can wear multiple hats. Can you share an example of a time when you had to quickly pivot strategies, take on a responsibility outside your defined role, or overcome a significant unexpected challenge in a fast-paced setting? What was the outcome and what did you learn?"
    ],
    "id": "1",
    "name": "Tony Xavier",
    "job_title": "Founder",
    "location_city": "Chicago",
    "location_state": "IL",
    "years_sales_experience": 2.0,
    "bio_summary": "I am a founder with a strong background in AI/ML and engineering, currently innovating in enterprise AI applications. I have experience in product development, strategic consulting, and have successfully launched and open-sourced a no-code editor.",
    "industries": "AI/ML|Consulting|Product Design|Education|Energy & Utilities",
    "skills": "Search Engine Optimization (SEO)|Mobile Applications|iOS Development|AI Agents|Learning Management Systems|SIS|Large Language Models (LLM)|Optical Character Recognition (OCR)|Start-up Leadership|shadcn/ui|React state management|Node.js|Non-profit Program Development|TypeScript|Next.js",
    "sold_to_finance": false,
    "is_founder": true,
    "startup_experience": true,
    "enterprise_experience": true,
    "missing_required": [],
    "missing_preferred": [
      "Deal Size/ACV",
      "Quota %"
    ],
    "data_completeness": 86
  },
  {
    "rank": 16,
    "tier": "\u274c Not a Fit",
    "algo_score": 30,
    "ai_score": 65,
    "final_score": 48,
    "one_line_summary": "Solid AE experience, but lacks specific finance sales background.",
    "pros": [
      "3 years of sales experience, exceeding the 1+ year requirement",
      "Proven track record of exceeding sales goals (125% quota attainment)",
      "Experience in SaaS and Financial Services industries",
      "Strong communication and organizational skills"
    ],
    "cons": [
      "No explicit mention of selling to finance/accounting stakeholders (CFOs, Controllers)",
      "No specific mention of mid-market or enterprise sales experience",
      "No explicit startup experience or demonstrated 'scrappiness/hustle'",
      "Bio focuses on sales development, not direct AE closing experience"
    ],
    "reasoning": "Paul has solid AE experience and a good track record of quota attainment. However, a critical requirement for this role is selling to finance/accounting leaders, which is not explicitly demonstrated. His bio also leans towards sales development rather than pure AE closing, which is a slight concern for a 'Founding AE' role.",
    "interview_questions": [
      "Your background highlights strong sales development experience. Can you describe a time you had to pivot from an SDR/BDR role to a full-cycle Account Executive, and what challenges did you face in closing deals directly, especially with C-suite finance stakeholders like CFOs or Controllers?",
      "You've achieved impressive results in your previous roles. Can you walk me through your largest closed deal to date, specifically detailing the sales cycle, the key stakeholders involved (and their typical company size), and how you navigated any competitive challenges? How did you ensure that deal closed successfully?",
      "Our company operates in a fast-paced, often ambiguous startup environment. Can you share an example of a time you had to build a sales process or strategy from scratch with limited resources, and what was the outcome? How do you personally define 'scrappiness' in a sales context, and how have you demonstrated it?"
    ],
    "id": "18",
    "name": "Paul Avila",
    "job_title": "Account Executive",
    "location_city": "Hoboken",
    "location_state": "NJ",
    "years_sales_experience": 3.0,
    "bio_summary": "I have consistently achieved and exceeded my sales goals, frequently ranking among the top performers in my roles. I am focused on leveraging my proven track record in sales development to excel as an Account Executive.",
    "industries": "SaaS|Financial Services|Education",
    "skills": "Data Analysis|Organization Skills|Microsoft Word|Microsoft Excel|Microsoft PowerPoint|Analytical Skills|Data Mining|Communication|Organizational & Writing Skills|SAS|SQL|JMP|Problem Solving",
    "sold_to_finance": false,
    "is_founder": false,
    "startup_experience": false,
    "enterprise_experience": false,
    "missing_required": [],
    "missing_preferred": [
      "Deal Size/ACV"
    ],
    "data_completeness": 93
  },
  {
    "rank": 17,
    "tier": "\u274c Not a Fit",
    "algo_score": 50,
    "ai_score": 45,
    "final_score": 48,
    "one_line_summary": "Ambitious SDR with strong quota attainment, but lacks AE closing experience.",
    "pros": [
      "Strong quota attainment (157.8%) as an SDR",
      "Experience in Fintech and Financial Services",
      "Demonstrated ambition and hunger",
      "Startup experience"
    ],
    "cons": [
      "No direct closing experience as an Account Executive (Associate, Internal Wholesaler is not AE)",
      "Has not sold to finance/accounting stakeholders (CFOs, Controllers) in mid-market/enterprise",
      "Current role is not a full sales cycle AE role",
      "Max deal size is significantly lower than expected for an AE"
    ],
    "reasoning": "Liam has excellent SDR performance and relevant industry experience, but critically lacks the required 1+ years of AE closing experience. The role explicitly asks for a Founding Account Executive, implying a need for proven full-cycle closing skills, especially with finance leaders, which is not evident here. While ambitious, the foundational AE closing experience is a significant gap for this founding role.",
    "interview_questions": [
      "Your background as an Associate and Internal Wholesaler at QKS\u2122 has likely given you strong product knowledge and lead generation skills. Can you walk me through a specific instance where you were directly responsible for closing a deal from initial prospect engagement to signed contract, and what was the average deal size for those types of transactions?",
      "Our Account Executives frequently engage with CFOs, Controllers, and other finance leaders in mid-market and enterprise accounts. Describe your experience identifying and addressing the unique pain points and priorities of these specific stakeholders. Can you provide an example of a time you successfully navigated a complex sales cycle involving multiple finance decision-makers?",
      "Given that your current role may not encompass the full sales cycle of an Account Executive, how do you envision adapting your approach to managing an entire sales process, from prospecting and qualification to negotiation and closing, particularly when dealing with the larger deal sizes typical in our target market? What steps have you taken to prepare for this transition?",
      "We are a fast-paced startup environment where adaptability and initiative are key. Can you share an example of a time you had to pivot quickly due to unforeseen challenges or resource limitations, and how you drove a positive outcome? What excites you most about the dynamic nature of a startup compared to a more established organization?"
    ],
    "id": "19",
    "name": "Liam Artus, QKS\u2122",
    "job_title": "Associate, Internal Wholesaler",
    "location_city": "New York",
    "location_state": "NY",
    "years_sales_experience": 3.0,
    "bio_summary": "I am an accomplished sales professional with a proven track record of exceeding targets, including achieving 157.8% lifetime attainment in a Sales Development Representative role. I have successfully driven deposit growth campaigns, built client relationships, and converted prospects into long-term clients through proactive business development and tailored solutions.",
    "industries": "Fintech|Banking|Financial Services|Real Estate|Retail",
    "skills": "Budgeting|Residential Real Estate|Financial Reporting|Microsoft Excel|Microsoft Access|Salesforce|Research Skills|Retail Sales|Customer Engagement|Corporate Finance|Sales|Supervisory Management|Customer Experience|Financial Analysis|Cold Calling",
    "sold_to_finance": false,
    "is_founder": false,
    "startup_experience": true,
    "enterprise_experience": false,
    "missing_required": [],
    "missing_preferred": [],
    "data_completeness": 100
  },
  {
    "rank": 18,
    "tier": "\u274c Not a Fit",
    "algo_score": 35,
    "ai_score": 55,
    "final_score": 45,
    "one_line_summary": "Experienced SaaS AE, but lacks finance-specific sales.",
    "pros": [
      "8 years of sales experience, exceeding the minimum requirement",
      "Proven track record in B2B SaaS sales",
      "Experience in recruitment tech (listed in industries)",
      "Adept at navigating complex sales cycles"
    ],
    "cons": [
      "No explicit experience selling to finance/accounting stakeholders (CFOs, Controllers)",
      "Experience is primarily in healthcare, not fintech or finance",
      "No mention of startup experience or 'scrappiness' in bio, despite being listed as an industry",
      "Missing key metrics like quota attainment or deal size"
    ],
    "reasoning": "Will has strong general SaaS sales experience and a good tenure, which is a plus. However, the critical requirement of selling to finance/accounting leaders is not met, and his industry experience is not directly aligned with the target ICP, making him a moderate fit for a Founding AE role focused on this specific market.",
    "interview_questions": [
      "Your experience is primarily in the healthcare sector. Can you walk me through how you would adapt your sales approach and messaging to effectively engage and sell to finance and accounting leaders, such as CFOs and Controllers, in a fintech environment?",
      "While your bio mentions 'startup' as an industry, your detailed experience seems to be with more established companies. Can you share an example of a time you had to operate with limited resources, pivot quickly, or build something from scratch in a sales capacity? What was the outcome?",
      "You've achieved significant success in your previous roles. To help us understand the scope and scale of your achievements, could you provide some specific metrics around your typical quota attainment, average deal size, or sales cycle length in your most impactful roles?",
      "Describe a situation where you had to overcome significant objections or resistance from a prospect who was deeply entrenched with a competitor or resistant to new technology. How did you handle it, and what was the ultimate result?",
      "Our company operates with a high degree of autonomy and expects proactive problem-solving. Can you provide an example of a time you identified a challenge or opportunity within your sales process or team and took the initiative to address it without being asked?"
    ],
    "id": "6",
    "name": "Will Garrison",
    "job_title": "",
    "location_city": "Philadelphia",
    "location_state": "PA",
    "years_sales_experience": 8.0,
    "bio_summary": "I have a proven track record in B2B SaaS sales within the healthcare sector, consistently driving revenue and building strong client relationships. I am adept at navigating complex sales cycles and delivering solutions that meet specific client needs.",
    "industries": "SaaS|Healthcare|Recruitment",
    "skills": "Negotiation|Business-to-Business (B2B)|Sales Process|Vendor Management|Customer Relationship Management (CRM)|Direct Sales|Customer Retention|Account Management|Consultative Selling|Automotive Sales|Sales Presentations|Facilitation|Vendor Negotiation|Time Management|Leadership",
    "sold_to_finance": false,
    "is_founder": false,
    "startup_experience": true,
    "enterprise_experience": false,
    "missing_required": [
      "Job Title"
    ],
    "missing_preferred": [
      "Deal Size/ACV",
      "Quota %"
    ],
    "data_completeness": 71
  },
  {
    "rank": 19,
    "tier": "\u274c Not a Fit",
    "algo_score": 40,
    "ai_score": 45,
    "final_score": 42,
    "one_line_summary": "Lacks finance sales experience, but has SaaS AE background.",
    "pros": [
      "3 years of sales experience, exceeding the 1+ year requirement",
      "Experience in SaaS industry",
      "Startup experience (implied by 'brand partnerships' and 'associate account executive roles' in a dynamic environment)"
    ],
    "cons": [
      "No explicit experience selling to finance/accounting stakeholders (CFOs, Controllers)",
      "No mention of closing experience in previous roles, only 'driving engagement'",
      "Current role focuses on retailer channels, not enterprise or mid-market finance",
      "No mention of quota attainment or deal size"
    ],
    "reasoning": "Jacob has relevant SaaS sales experience and a startup background, which are positives. However, the critical requirement of selling to finance/accounting leaders is missing, and his current role's focus doesn't align with the target ICP. This makes him a weak fit for a Founding AE role requiring immediate impact in this specific niche.",
    "interview_questions": [
      "Your background shows strong experience with retailer channels. Can you walk me through how you would adapt your sales approach to effectively engage and close deals with finance and accounting stakeholders, such as CFOs or Controllers, in an enterprise or mid-market setting?",
      "You've mentioned 'driving engagement' in your previous roles. Could you elaborate on your experience with the full sales cycle, specifically detailing your involvement in closing deals and the strategies you employed to secure commitments and achieve revenue targets? What was the typical deal size and sales cycle length you managed?",
      "Given our fast-paced, evolving startup environment, how do you approach ambiguity and rapid change? Can you provide an example of a time you had to quickly pivot your strategy or learn a new skill to meet a business objective, and what was the outcome?",
      "When you refer to 'achievements' in your resume, how do you typically measure success in your sales roles? Can you provide specific metrics or examples that demonstrate your direct contribution to revenue generation or exceeding sales quotas?",
      "Our team thrives on proactive problem-solving and a high degree of autonomy. Can you share an instance where you identified a significant challenge or opportunity in your previous role and took the initiative to develop and implement a solution without direct instruction?"
    ],
    "id": "10",
    "name": "Jacob Hanna",
    "job_title": "Account Executive",
    "location_city": "Augusta",
    "location_state": "GA",
    "years_sales_experience": 3.0,
    "bio_summary": "I am an Account Executive focused on helping brands support their retailer channel. I have experience in brand partnerships and associate account executive roles, driving engagement for independent retailers.",
    "industries": "SaaS|Marketing",
    "skills": "",
    "sold_to_finance": false,
    "is_founder": false,
    "startup_experience": true,
    "enterprise_experience": false,
    "missing_required": [],
    "missing_preferred": [
      "Deal Size/ACV",
      "Quota %"
    ],
    "data_completeness": 86
  },
  {
    "rank": 20,
    "tier": "\u274c Not a Fit",
    "algo_score": 35,
    "ai_score": 45,
    "final_score": 40,
    "one_line_summary": "Lacks finance sales experience, but has startup AE experience.",
    "pros": [
      "3 years of sales experience, including AE",
      "Startup experience as a Founding BDR",
      "Experience in SaaS"
    ],
    "cons": [
      "No proven track record selling to finance/accounting stakeholders (CFOs, Controllers)",
      "No mention of closing experience in mid-market or enterprise environments",
      "Short tenures at previous companies (Navan, Jolly)",
      "Key skills listed are not relevant to the AE role (e.g., insurance, sports management)"
    ],
    "reasoning": "Andrew has some relevant sales experience and startup exposure, which is a plus. However, the critical requirement of selling to finance and accounting leaders is missing, and his listed skills don't align with the role. The short tenures also raise concerns about stability.",
    "interview_questions": [
      "Your background shows experience in various industries, but less direct exposure to selling to finance and accounting leaders. Can you walk me through how you would approach building rapport and demonstrating value to a CFO or Controller in a mid-market or enterprise setting?",
      "You've had relatively short tenures at your last two companies. Can you elaborate on the circumstances surrounding these moves and what you're looking for in terms of long-term career growth and stability in your next role?",
      "Many of your listed skills, such as 'insurance' and 'sports management,' don't directly align with the core competencies of an Account Executive in a SaaS environment. How do you see these experiences translating into success in a quota-carrying sales role, particularly in a fast-paced startup?",
      "Can you describe a specific instance where you successfully navigated a complex sales cycle from initial contact to close in a B2B environment? What was the deal size, who were the key stakeholders, and what was your specific contribution to securing the win?",
      "Our startup culture thrives on adaptability, proactive problem-solving, and a high degree of autonomy. Can you share an example of a time you've excelled in such an environment, or conversely, a situation where you found adapting to rapid change challenging?"
    ],
    "id": "15",
    "name": "Andrew  Antoniades",
    "job_title": "Account Executive",
    "location_city": "San Diego",
    "location_state": "CA",
    "years_sales_experience": 3.0,
    "bio_summary": "I have experience in business development and sales, having progressed from a Founding Business Development Representative to an Account Executive. I have a proven track record of building relationships and driving growth in dynamic environments.",
    "industries": "SaaS|Travel Technology|Sports Marketing|Hospitality",
    "skills": "Life Insurance|Health Insurance|Accident Insurance|Strategy|Sports Management|Venue Management|Customer Service|Teamwork|Microsoft Excel",
    "sold_to_finance": false,
    "is_founder": false,
    "startup_experience": true,
    "enterprise_experience": false,
    "missing_required": [],
    "missing_preferred": [
      "Deal Size/ACV",
      "Quota %"
    ],
    "data_completeness": 86
  },
  {
    "rank": 21,
    "tier": "\u274c Not a Fit",
    "algo_score": 30,
    "ai_score": 45,
    "final_score": 38,
    "one_line_summary": "Experienced AE with startup exposure, but lacks direct SaaS/finance closing.",
    "pros": [
      "4 years of sales experience, exceeding the 1+ year requirement",
      "Experience in Fintech and SaaS industries",
      "Demonstrated startup experience and comfort with dynamic environments",
      "Strong customer relationship management skills"
    ],
    "cons": [
      "No explicit closing experience as an Account Executive in SaaS",
      "No proven track record of selling to finance/accounting stakeholders (CFOs, Controllers)",
      "Current role is in loan origination, not direct SaaS sales closing",
      "Red flags regarding short tenures and employment gaps"
    ],
    "reasoning": "While Donald has relevant industry experience and startup exposure, his profile lacks direct closing experience as an AE in SaaS and, critically, selling to finance leaders. His current role is more operational in loan origination rather than full-cycle sales, making him a risky fit for a Founding AE role requiring immediate closing impact.",
    "interview_questions": [
      "Your current role involves loan origination; can you walk me through a specific instance where you successfully closed a complex deal with a client, from initial contact to signed agreement, and how that process compares to a typical SaaS sales cycle?",
      "While your resume highlights significant revenue generation, we're looking for experience selling directly to finance and accounting leaders. Can you describe a time you had to present a solution and overcome objections from a CFO or Controller, and what was the outcome?",
      "We noticed a few shorter tenures and employment gaps on your resume. Could you elaborate on the circumstances surrounding these transitions and what you learned from those experiences that you'd bring to a fast-paced startup environment?",
      "Our company thrives on a culture of rapid iteration, direct feedback, and a high degree of autonomy. How do you envision yourself contributing to and thriving within such an environment, particularly when faced with ambiguity or shifting priorities?",
      "Can you share an example of a time you had to quickly learn a new product or industry to meet a sales target? How did you approach that learning curve, and what was the ultimate result?"
    ],
    "id": "12",
    "name": "Donald Brossman III",
    "job_title": "Account Executive",
    "location_city": "Jersey City",
    "location_state": "NJ",
    "years_sales_experience": 4.0,
    "bio_summary": "I am currently coordinating the sale intake division for a private lender debt fund, orchestrating seamless loan origination with precision and efficiency. I have a proven track record in establishing and maintaining strong client relationships, assisting with loan applications, and providing expert advice on financial options.",
    "industries": "Fintech|SaaS|Real Estate|AI/ML",
    "skills": "Customer Relationship Management (CRM)|Strategy|Itineraries|Hotel Management|Startups|Executive Administrative Assistance|Calendaring|Communication|Sales Processes|Phone Etiquette|Financial Accounting|Real Estate|Finance|Cold Calling|Problem Solving",
    "sold_to_finance": false,
    "is_founder": false,
    "startup_experience": true,
    "enterprise_experience": false,
    "missing_required": [],
    "missing_preferred": [
      "Deal Size/ACV",
      "Quota %"
    ],
    "data_completeness": 86
  }
]